날짜,총 예매인원
2008-01-01,194337
2008-01-02,67939
2008-01-03,71980
2008-01-04,76695
2008-01-05,168028
2008-01-06,149286
2008-01-07,54651
2008-01-08,56906
2008-01-09,53523
2008-01-10,104280
2008-01-11,114808
2008-01-12,244421
2008-01-13,220600
2008-01-14,80377
2008-01-15,82910
2008-01-16,78355
2008-01-17,106101
2008-01-18,121756
2008-01-19,241582
2008-01-20,219146
2008-01-21,85027
2008-01-22,86893
2008-01-23,79595
2008-01-24,92189
2008-01-25,100927
2008-01-26,219511
2008-01-27,195091
2008-01-28,67832
2008-01-29,67968
2008-01-30,69361
2008-01-31,99660
2008-02-01,97528
2008-02-02,200882
2008-02-03,183296
2008-02-04,72618
2008-02-05,116439
2008-02-06,151371
2008-02-07,176395
2008-02-08,236830
2008-02-09,222388
2008-02-10,170422
2008-02-11,59787
2008-02-12,54612
2008-02-13,51431
2008-02-14,140804
2008-02-15,110928
2008-02-16,224323
2008-02-17,210929
2008-02-18,84736
2008-02-19,84517
2008-02-20,80050
2008-02-21,88778
2008-02-22,98387
2008-02-23,198504
2008-02-24,189755
2008-02-25,77286
2008-02-26,80204
2008-02-27,80211
2008-02-28,103483
2008-02-29,117310
2008-03-01,240399
2008-03-02,191245
2008-03-03,61602
2008-03-04,55039
2008-03-05,54749
2008-03-06,68243
2008-03-07,88756
2008-03-08,196397
2008-03-09,158246
2008-03-10,47570
2008-03-11,45302
2008-03-12,42636
2008-03-13,66156
2008-03-14,107284
2008-03-15,182354
2008-03-16,164949
2008-03-17,50763
2008-03-18,46635
2008-03-19,48136
2008-03-20,69020
2008-03-21,81665
2008-03-22,176696
2008-03-23,159258
2008-03-24,51245
2008-03-25,47433
2008-03-26,45609
2008-03-27,55056
2008-03-28,66182
2008-03-29,156873
2008-03-30,137254
2008-03-31,45853
2008-04-01,38963
2008-04-02,39939
2008-04-03,61144
2008-04-04,71889
2008-04-05,161580
2008-04-06,131963
2008-04-07,40321
2008-04-08,52414
2008-04-09,162613
2008-04-10,45008
2008-04-11,59789
2008-04-12,131530
2008-04-13,114372
2008-04-14,38583
2008-04-15,37718
2008-04-16,38253
2008-04-17,49306
2008-04-18,55488
2008-04-19,131499
2008-04-20,96718
2008-04-21,33628
2008-04-22,36053
2008-04-23,36733
2008-04-24,57383
2008-04-25,72458
2008-04-26,154226
2008-04-27,136927
2008-04-28,41514
2008-04-29,45309
2008-04-30,113324
2008-05-01,187957
2008-05-02,114248
2008-05-03,215911
2008-05-04,240150
2008-05-05,274640
2008-05-06,73541
2008-05-07,57700
2008-05-08,64087
2008-05-09,93646
2008-05-10,205948
2008-05-11,211918
2008-05-12,215711
2008-05-13,48378
2008-05-14,45286
2008-05-15,74917
2008-05-16,74170
2008-05-17,195760
2008-05-18,177938
2008-05-19,46480
2008-05-20,43719
2008-05-21,44075
2008-05-22,97454
2008-05-23,114298
2008-05-24,273153
2008-05-25,240295
2008-05-26,65408
2008-05-27,58282
2008-05-28,63641
2008-05-29,79268
2008-05-30,96123
2008-05-31,221341
2008-06-01,191597
2008-06-02,48499
2008-06-03,49221
2008-06-04,53026
2008-06-05,128838
2008-06-06,315030
2008-06-07,260086
2008-06-08,229322
2008-06-09,68274
2008-06-10,68325
2008-06-11,71029
2008-06-12,92837
2008-06-13,120059
2008-06-14,281080
2008-06-15,240744
2008-06-16,74296
2008-06-17,72108
2008-06-18,81378
2008-06-19,119751
2008-06-20,143394
2008-06-21,305248
2008-06-22,266008
2008-06-23,104205
2008-06-24,105226
2008-06-25,108937
2008-06-26,139915
2008-06-27,154583
2008-06-28,305296
2008-06-29,275048
2008-06-30,111102
2008-07-01,103968
2008-07-02,127810
2008-07-03,131033
2008-07-04,149506
2008-07-05,308071
2008-07-06,273492
2008-07-07,103747
2008-07-08,104315
2008-07-09,97858
2008-07-10,120081
2008-07-11,139028
2008-07-12,295543
2008-07-13,257040
2008-07-14,88024
2008-07-15,85610
2008-07-16,93280
2008-07-17,167736
2008-07-18,166852
2008-07-19,314882
2008-07-20,297289
2008-07-21,122432
2008-07-22,117527
2008-07-23,114287
2008-07-24,122018
2008-07-25,139956
2008-07-26,285135
2008-07-27,255294
2008-07-28,111938
2008-07-29,112481
2008-07-30,175105
2008-07-31,207554
2008-08-01,223940
2008-08-02,338268
2008-08-03,294821
2008-08-04,159263
2008-08-05,154940
2008-08-06,185572
2008-08-07,177510
2008-08-08,188695
2008-08-09,325545
2008-08-10,274601
2008-08-11,127420
2008-08-12,129835
2008-08-13,125551
2008-08-14,150318
2008-08-15,277546
2008-08-16,252892
2008-08-17,220611
2008-08-18,100438
2008-08-19,94554
2008-08-20,85783
2008-08-21,81422
2008-08-22,86509
2008-08-23,175040
2008-08-24,165078
2008-08-25,61915
2008-08-26,60696
2008-08-27,55707
2008-08-28,54764
2008-08-29,62210
2008-08-30,154181
2008-08-31,138455
2008-09-01,35709
2008-09-02,33508
2008-09-03,48374
2008-09-04,77850
2008-09-05,90326
2008-09-06,213829
2008-09-07,187249
2008-09-08,53957
2008-09-09,58570
2008-09-10,56339
2008-09-11,80163
2008-09-12,150941
2008-09-13,208879
2008-09-14,236996
2008-09-15,297009
2008-09-16,142894
2008-09-17,61250
2008-09-18,67822
2008-09-19,76731
2008-09-20,202017
2008-09-21,163377
2008-09-22,49794
2008-09-23,51510
2008-09-24,50429
2008-09-25,72948
2008-09-26,83537
2008-09-27,165366
2008-09-28,144607
2008-09-29,51890
2008-09-30,54241
2008-10-01,56779
2008-10-02,95009
2008-10-03,179863
2008-10-04,160361
2008-10-05,127065
2008-10-06,52366
2008-10-07,54043
2008-10-08,55671
2008-10-09,72443
2008-10-10,85300
2008-10-11,164751
2008-10-12,135332
2008-10-13,55784
2008-10-14,52228
2008-10-15,51563
2008-10-16,71537
2008-10-17,73656
2008-10-18,170649
2008-10-19,123693
2008-10-20,48457
2008-10-21,50806
2008-10-22,53572
2008-10-23,81155
2008-10-24,92768
2008-10-25,172881
2008-10-26,143375
2008-10-27,62172
2008-10-28,62268
2008-10-29,60239
2008-10-30,65429
2008-10-31,77197
2008-11-01,154786
2008-11-02,122768
2008-11-03,49795
2008-11-04,48640
2008-11-05,68170
2008-11-06,72243
2008-11-07,79957
2008-11-08,167837
2008-11-09,139079
2008-11-10,55370
2008-11-11,56016
2008-11-12,52326
2008-11-13,110381
2008-11-14,103570
2008-11-15,203102
2008-11-16,154636
2008-11-17,64542
2008-11-18,65281
2008-11-19,64279
2008-11-20,85934
2008-11-21,92385
2008-11-22,175437
2008-11-23,144181
2008-11-24,64541
2008-11-25,64416
2008-11-26,65195
2008-11-27,82243
2008-11-28,80928
2008-11-29,170332
2008-11-30,135107
2008-12-01,45736
2008-12-02,49580
2008-12-03,55989
2008-12-04,67883
2008-12-05,72491
2008-12-06,153791
2008-12-07,132121
2008-12-08,54712
2008-12-09,59092
2008-12-10,72263
2008-12-11,98380
2008-12-12,110851
2008-12-13,215045
2008-12-14,184964
2008-12-15,75402
2008-12-16,81379
2008-12-17,93361
2008-12-18,114545
2008-12-19,132846
2008-12-20,254485
2008-12-21,245816
2008-12-22,94461
2008-12-23,109603
2008-12-24,251991
2008-12-25,418818
2008-12-26,150836
2008-12-27,248886
2008-12-28,215607
2008-12-29,104766
2008-12-30,141660
2008-12-31,209830
2009-01-01,287078
2009-01-02,173819
2009-01-03,261186
2009-01-04,211656
2009-01-05,85330
2009-01-06,86929
2009-01-07,87267
2009-01-08,108423
2009-01-09,116505
2009-01-10,263881
2009-01-11,224346
2009-01-12,75086
2009-01-13,80884
2009-01-14,78075
2009-01-15,79656
2009-01-16,90984
2009-01-17,200249
2009-01-18,166459
2009-01-19,58476
2009-01-20,59242
2009-01-21,57209
2009-01-22,130136
2009-01-23,145740
2009-01-24,260338
2009-01-25,209152
2009-01-26,253231
2009-01-27,305981
2009-01-28,126665
2009-01-29,105250
2009-01-30,109107
2009-01-31,229312
2009-02-01,191119
2009-02-02,71005
2009-02-03,66460
2009-02-04,68982
2009-02-05,87042
2009-02-06,92541
2009-02-07,192662
2009-02-08,167809
2009-02-09,64125
2009-02-10,64395
2009-02-11,59724
2009-02-12,105408
2009-02-13,111967
2009-02-14,270143
2009-02-15,209600
2009-02-16,87578
2009-02-17,90922
2009-02-18,93570
2009-02-19,100750
2009-02-20,107086
2009-02-21,224990
2009-02-22,204931
2009-02-23,86295
2009-02-24,84259
2009-02-25,83145
2009-02-26,86660
2009-02-27,90073
2009-02-28,182852
2009-03-01,153640
2009-03-02,51868
2009-03-03,48565
2009-03-04,46872
2009-03-05,57575
2009-03-06,62802
2009-03-07,143683
2009-03-08,125843
2009-03-09,34754
2009-03-10,35057
2009-03-11,38668
2009-03-12,51924
2009-03-13,69678
2009-03-14,196758
2009-03-15,130780
2009-03-16,38719
2009-03-17,37539
2009-03-18,35000
2009-03-19,61050
2009-03-20,68949
2009-03-21,158795
2009-03-22,136845
2009-03-23,41595
2009-03-24,36829
2009-03-25,44852
2009-03-26,62031
2009-03-27,76476
2009-03-28,162682
2009-03-29,132127
2009-03-30,44447
2009-03-31,47845
2009-04-01,44211
2009-04-02,63249
2009-04-03,79036
2009-04-04,181679
2009-04-05,132214
2009-04-06,44885
2009-04-07,45786
2009-04-08,44125
2009-04-09,46542
2009-04-10,61661
2009-04-11,137665
2009-04-12,114677
2009-04-13,38703
2009-04-14,39958
2009-04-15,45984
2009-04-16,54724
2009-04-17,68202
2009-04-18,162842
2009-04-19,118137
2009-04-20,43067
2009-04-21,42427
2009-04-22,48982
2009-04-23,57147
2009-04-24,86601
2009-04-25,200744
2009-04-26,165107
2009-04-27,50854
2009-04-28,53519
2009-04-29,67543
2009-04-30,141912
2009-05-01,237583
2009-05-02,313095
2009-05-03,242477
2009-05-04,208053
2009-05-05,310784
2009-05-06,66992
2009-05-07,71218
2009-05-08,88054
2009-05-09,221797
2009-05-10,189554
2009-05-11,64523
2009-05-12,66782
2009-05-13,62208
2009-05-14,88688
2009-05-15,120888
2009-05-16,265902
2009-05-17,225750
2009-05-18,71676
2009-05-19,65733
2009-05-20,67335
2009-05-21,132004
2009-05-22,147678
2009-05-23,308704
2009-05-24,269067
2009-05-25,84561
2009-05-26,78064
2009-05-27,75903
2009-05-28,125958
2009-05-29,137613
2009-05-30,296043
2009-05-31,263250
2009-06-01,89101
2009-06-02,80685
2009-06-03,80106
2009-06-04,89298
2009-06-05,134836
2009-06-06,309917
2009-06-07,224323
2009-06-08,65369
2009-06-09,59478
2009-06-10,57888
2009-06-11,80613
2009-06-12,103535
2009-06-13,230978
2009-06-14,188568
2009-06-15,64667
2009-06-16,61048
2009-06-17,61583
2009-06-18,70293
2009-06-19,88888
2009-06-20,221804
2009-06-21,170570
2009-06-22,61486
2009-06-23,62296
2009-06-24,178025
2009-06-25,151677
2009-06-26,164367
2009-06-27,323116
2009-06-28,280062
2009-06-29,113538
2009-06-30,101315
2009-07-01,93713
2009-07-02,91105
2009-07-03,116107
2009-07-04,250245
2009-07-05,222236
2009-07-06,72331
2009-07-07,82747
2009-07-08,72716
2009-07-09,86919
2009-07-10,110331
2009-07-11,243977
2009-07-12,188572
2009-07-13,64959
2009-07-14,55134
2009-07-15,133018
2009-07-16,125073
2009-07-17,136000
2009-07-18,281952
2009-07-19,267412
2009-07-20,97650
2009-07-21,94760
2009-07-22,108170
2009-07-23,127012
2009-07-24,138967
2009-07-25,280145
2009-07-26,263825
2009-07-27,122929
2009-07-28,128778
2009-07-29,156016
2009-07-30,190501
2009-07-31,214097
2009-08-01,332899
2009-08-02,297585
2009-08-03,192129
2009-08-04,190506
2009-08-05,186292
2009-08-06,192659
2009-08-07,212081
2009-08-08,356517
2009-08-09,319940
2009-08-10,154080
2009-08-11,151569
2009-08-12,164217
2009-08-13,167359
2009-08-14,187724
2009-08-15,362409
2009-08-16,304139
2009-08-17,129284
2009-08-18,126741
2009-08-19,117412
2009-08-20,119965
2009-08-21,130978
2009-08-22,260065
2009-08-23,231943
2009-08-24,92944
2009-08-25,86447
2009-08-26,73843
2009-08-27,88947
2009-08-28,96562
2009-08-29,205777
2009-08-30,198726
2009-08-31,68679
2009-09-01,60370
2009-09-02,55797
2009-09-03,59919
2009-09-04,73671
2009-09-05,169007
2009-09-06,151676
2009-09-07,48105
2009-09-08,44297
2009-09-09,54137
2009-09-10,58198
2009-09-11,75839
2009-09-12,176597
2009-09-13,144733
2009-09-14,46244
2009-09-15,46348
2009-09-16,48996
2009-09-17,52584
2009-09-18,66787
2009-09-19,149822
2009-09-20,117850
2009-09-21,41212
2009-09-22,40500
2009-09-23,38912
2009-09-24,85180
2009-09-25,96118
2009-09-26,189143
2009-09-27,162665
2009-09-28,55253
2009-09-29,58738
2009-09-30,75489
2009-10-01,162115
2009-10-02,187587
2009-10-03,213938
2009-10-04,219558
2009-10-05,124846
2009-10-06,47751
2009-10-07,44531
2009-10-08,46490
2009-10-09,59708
2009-10-10,130914
2009-10-11,103064
2009-10-12,37309
2009-10-13,37008
2009-10-14,34594
2009-10-15,53501
2009-10-16,60648
2009-10-17,143771
2009-10-18,104841
2009-10-19,34445
2009-10-20,34410
2009-10-21,33951
2009-10-22,58630
2009-10-23,80238
2009-10-24,150432
2009-10-25,127584
2009-10-26,47931
2009-10-27,48045
2009-10-28,57043
2009-10-29,61049
2009-10-30,80847
2009-10-31,175474
2009-11-01,141740
2009-11-02,45911
2009-11-03,44538
2009-11-04,44984
2009-11-05,48657
2009-11-06,64106
2009-11-07,140181
2009-11-08,121547
2009-11-09,37686
2009-11-10,36335
2009-11-11,66451
2009-11-12,135191
2009-11-13,137506
2009-11-14,243342
2009-11-15,212386
2009-11-16,82461
2009-11-17,76410
2009-11-18,76330
2009-11-19,85143
2009-11-20,104622
2009-11-21,222792
2009-11-22,192715
2009-11-23,67996
2009-11-24,67925
2009-11-25,68111
2009-11-26,96312
2009-11-27,118615
2009-11-28,241140
2009-11-29,207677
2009-11-30,80460
2009-12-01,71343
2009-12-02,92273
2009-12-03,99495
2009-12-04,118829
2009-12-05,234631
2009-12-06,206586
2009-12-07,74548
2009-12-08,72769
2009-12-09,69572
2009-12-10,96786
2009-12-11,114717
2009-12-12,225460
2009-12-13,184776
2009-12-14,71284
2009-12-15,73531
2009-12-16,81932
2009-12-17,110958
2009-12-18,129263
2009-12-19,242583
2009-12-20,241647
2009-12-21,105590
2009-12-22,110280
2009-12-23,157331
2009-12-24,287601
2009-12-25,412882
2009-12-26,341961
2009-12-27,275793
2009-12-28,145861
2009-12-29,150935
2009-12-30,162731
2009-12-31,247004
2010-01-01,340033
2010-01-02,346666
2010-01-03,277643
2010-01-04,107283
2010-01-05,103927
2010-01-06,97455
2010-01-07,105566
2010-01-08,125131
2010-01-09,265606
2010-01-10,246913
2010-01-11,96084
2010-01-12,98328
2010-01-13,92682
2010-01-14,93458
2010-01-15,114777
2010-01-16,240575
2010-01-17,213862
2010-01-18,81580
2010-01-19,80685
2010-01-20,79876
2010-01-21,87507
2010-01-22,99656
2010-01-23,217082
2010-01-24,198654
2010-01-25,79614
2010-01-26,83741
2010-01-27,77754
2010-01-28,101671
2010-01-29,114996
2010-01-30,219121
2010-01-31,192719
2010-02-01,75945
2010-02-02,73215
2010-02-03,71144
2010-02-04,93546
2010-02-05,105639
2010-02-06,211785
2010-02-07,195762
2010-02-08,75892
2010-02-09,78035
2010-02-10,76387
2010-02-11,116984
2010-02-12,182155
2010-02-13,246159
2010-02-14,241261
2010-02-15,320268
2010-02-16,159470
2010-02-17,96246
2010-02-18,93267
2010-02-19,105290
2010-02-20,221124
2010-02-21,188009
2010-02-22,76505
2010-02-23,75913
2010-02-24,68900
2010-02-25,78124
2010-02-26,80914
2010-02-27,158997
2010-02-28,190264
2010-03-01,196163
2010-03-02,41451
2010-03-03,38287
2010-03-04,58208
2010-03-05,73430
2010-03-06,176845
2010-03-07,168581
2010-03-08,44902
2010-03-09,42049
2010-03-10,44217
2010-03-11,46424
2010-03-12,65180
2010-03-13,183990
2010-03-14,165497
2010-03-15,41559
2010-03-16,37646
2010-03-17,37889
2010-03-18,56757
2010-03-19,72202
2010-03-20,177550
2010-03-21,168861
2010-03-22,40618
2010-03-23,43128
2010-03-24,42801
2010-03-25,51339
2010-03-26,68036
2010-03-27,167741
2010-03-28,141376
2010-03-29,37843
2010-03-30,39570
2010-03-31,45413
2010-04-01,72716
2010-04-02,80056
2010-04-03,196512
2010-04-04,165636
2010-04-05,46845
2010-04-06,41786
2010-04-07,41399
2010-04-08,42993
2010-04-09,59818
2010-04-10,152746
2010-04-11,119466
2010-04-12,33808
2010-04-13,35098
2010-04-14,33354
2010-04-15,40038
2010-04-16,50436
2010-04-17,128892
2010-04-18,91626
2010-04-19,35723
2010-04-20,30591
2010-04-21,33293
2010-04-22,44604
2010-04-23,60843
2010-04-24,121004
2010-04-25,102628
2010-04-26,38099
2010-04-27,43910
2010-04-28,65924
2010-04-29,137357
2010-04-30,157980
2010-05-01,275851
2010-05-02,234137
2010-05-03,78010
2010-05-04,113936
2010-05-05,298422
2010-05-06,65254
2010-05-07,79177
2010-05-08,155529
2010-05-09,145569
2010-05-10,44971
2010-05-11,45962
2010-05-12,42607
2010-05-13,100435
2010-05-14,116288
2010-05-15,229035
2010-05-16,184330
2010-05-17,72115
2010-05-18,79551
2010-05-19,74381
2010-05-20,107067
2010-05-21,264100
2010-05-22,233953
2010-05-23,204874
2010-05-24,64777
2010-05-25,59408
2010-05-26,61344
2010-05-27,71591
2010-05-28,86037
2010-05-29,210400
2010-05-30,193246
2010-05-31,65117
2010-06-01,81377
2010-06-02,238356
2010-06-03,68989
2010-06-04,96342
2010-06-05,219310
2010-06-06,191274
2010-06-07,66327
2010-06-08,65749
2010-06-09,66118
2010-06-10,85080
2010-06-11,100596
2010-06-12,138176
2010-06-13,184834
2010-06-14,70189
2010-06-15,66101
2010-06-16,83826
2010-06-17,39563
2010-06-18,108417
2010-06-19,247993
2010-06-20,200579
2010-06-21,78319
2010-06-22,73232
2010-06-23,64122
2010-06-24,91291
2010-06-25,103511
2010-06-26,147259
2010-06-27,175939
2010-06-28,79506
2010-06-29,76413
2010-06-30,80297
2010-07-01,113308
2010-07-02,133436
2010-07-03,280699
2010-07-04,252041
2010-07-05,88874
2010-07-06,89689
2010-07-07,130772
2010-07-08,111778
2010-07-09,129095
2010-07-10,301686
2010-07-11,248113
2010-07-12,73255
2010-07-13,75649
2010-07-14,99261
2010-07-15,102921
2010-07-16,122719
2010-07-17,256885
2010-07-18,231002
2010-07-19,89228
2010-07-20,90494
2010-07-21,133313
2010-07-22,134903
2010-07-23,157600
2010-07-24,302000
2010-07-25,275861
2010-07-26,127894
2010-07-27,129081
2010-07-28,146823
2010-07-29,171828
2010-07-30,197992
2010-07-31,339313
2010-08-01,296175
2010-08-02,200729
2010-08-03,187493
2010-08-04,177021
2010-08-05,192840
2010-08-06,208094
2010-08-07,340392
2010-08-08,302998
2010-08-09,150648
2010-08-10,146979
2010-08-11,141333
2010-08-12,156337
2010-08-13,177300
2010-08-14,309396
2010-08-15,276872
2010-08-16,127658
2010-08-17,122705
2010-08-18,113137
2010-08-19,142779
2010-08-20,148707
2010-08-21,291500
2010-08-22,261053
2010-08-23,103209
2010-08-24,96803
2010-08-25,91569
2010-08-26,96138
2010-08-27,104247
2010-08-28,218118
2010-08-29,187478
2010-08-30,68030
2010-08-31,67312
2010-09-01,56305
2010-09-02,57487
2010-09-03,73062
2010-09-04,157285
2010-09-05,128162
2010-09-06,42632
2010-09-07,39112
2010-09-08,36593
2010-09-09,64749
2010-09-10,80654
2010-09-11,198806
2010-09-12,170713
2010-09-13,48911
2010-09-14,45219
2010-09-15,46333
2010-09-16,70031
2010-09-17,84519
2010-09-18,219952
2010-09-19,196756
2010-09-20,149540
2010-09-21,158646
2010-09-22,226358
2010-09-23,251249
2010-09-24,163750
2010-09-25,187939
2010-09-26,137824
2010-09-27,38672
2010-09-28,42842
2010-09-29,43354
2010-09-30,59186
2010-10-01,67504
2010-10-02,158241
2010-10-03,133096
2010-10-04,44364
2010-10-05,43970
2010-10-06,48349
2010-10-07,50975
2010-10-08,66872
2010-10-09,135877
2010-10-10,119672
2010-10-11,36601
2010-10-12,37820
2010-10-13,38715
2010-10-14,51778
2010-10-15,64221
2010-10-16,155215
2010-10-17,116529
2010-10-18,39552
2010-10-19,36764
2010-10-20,39884
2010-10-21,48718
2010-10-22,64399
2010-10-23,132317
2010-10-24,111375
2010-10-25,39175
2010-10-26,38623
2010-10-27,38071
2010-10-28,64167
2010-10-29,77157
2010-10-30,169454
2010-10-31,150492
2010-11-01,51441
2010-11-02,48518
2010-11-03,49169
2010-11-04,54234
2010-11-05,71061
2010-11-06,165846
2010-11-07,134939
2010-11-08,44142
2010-11-09,41712
2010-11-10,67761
2010-11-11,83693
2010-11-12,87793
2010-11-13,192651
2010-11-14,160851
2010-11-15,50165
2010-11-16,47143
2010-11-17,58779
2010-11-18,86614
2010-11-19,87517
2010-11-20,182901
2010-11-21,141689
2010-11-22,52494
2010-11-23,46413
2010-11-24,54473
2010-11-25,64166
2010-11-26,78276
2010-11-27,168386
2010-11-28,139811
2010-11-29,49739
2010-11-30,52504
2010-12-01,60227
2010-12-02,63275
2010-12-03,83509
2010-12-04,171825
2010-12-05,140773
2010-12-06,58802
2010-12-07,58007
2010-12-08,64020
2010-12-09,95269
2010-12-10,110652
2010-12-11,221915
2010-12-12,180408
2010-12-13,60949
2010-12-14,68184
2010-12-15,97647
2010-12-16,96536
2010-12-17,113337
2010-12-18,237892
2010-12-19,235999
2010-12-20,79767
2010-12-21,100699
2010-12-22,113106
2010-12-23,118314
2010-12-24,234797
2010-12-25,377281
2010-12-26,255763
2010-12-27,114465
2010-12-28,113968
2010-12-29,127313
2010-12-30,145595
2010-12-31,207317
2011-01-01,306688
2011-01-02,240039
2011-01-03,82395
2011-01-04,76639
2011-01-05,76821
2011-01-06,71699
2011-01-07,84569
2011-01-08,200269
2011-01-09,172369
2011-01-10,53450
2011-01-11,54472
2011-01-12,53650
2011-01-13,72692
2011-01-14,81406
2011-01-15,186759
2011-01-16,154958
2011-01-17,53737
2011-01-18,53564
2011-01-19,52765
2011-01-20,65925
2011-01-21,73226
2011-01-22,167489
2011-01-23,138927
2011-01-24,50232
2011-01-25,48540
2011-01-26,50241
2011-01-27,102018
2011-01-28,108260
2011-01-29,242235
2011-01-30,213414
2011-01-31,88332
2011-02-01,124747
2011-02-02,187693
2011-02-03,214399
2011-02-04,277479
2011-02-05,253352
2011-02-06,185257
2011-02-07,58985
2011-02-08,55006
2011-02-09,51807
2011-02-10,72719
2011-02-11,86314
2011-02-12,208408
2011-02-13,183084
2011-02-14,80404
2011-02-15,59459
2011-02-16,58861
2011-02-17,117999
2011-02-18,123653
2011-02-19,237978
2011-02-20,205912
2011-02-21,84216
2011-02-22,84919
2011-02-23,80540
2011-02-24,96778
2011-02-25,103305
2011-02-26,211941
2011-02-27,193404
2011-02-28,119326
2011-03-01,231460
2011-03-02,54817
2011-03-03,62556
2011-03-04,73092
2011-03-05,183160
2011-03-06,159485
2011-03-07,45688
2011-03-08,45903
2011-03-09,42939
2011-03-10,59601
2011-03-11,75426
2011-03-12,185725
2011-03-13,149780
2011-03-14,55234
2011-03-15,41365
2011-03-16,41823
2011-03-17,58029
2011-03-18,71714
2011-03-19,172651
2011-03-20,153281
2011-03-21,46607
2011-03-22,45883
2011-03-23,45468
2011-03-24,44505
2011-03-25,61967
2011-03-26,145657
2011-03-27,120665
2011-03-28,38397
2011-03-29,37864
2011-03-30,42977
2011-03-31,50515
2011-04-01,63255
2011-04-02,152327
2011-04-03,114240
2011-04-04,38672
2011-04-05,37295
2011-04-06,39109
2011-04-07,45945
2011-04-08,59855
2011-04-09,135051
2011-04-10,111034
2011-04-11,35499
2011-04-12,37640
2011-04-13,35971
2011-04-14,48533
2011-04-15,59343
2011-04-16,133824
2011-04-17,106824
2011-04-18,42142
2011-04-19,35487
2011-04-20,42946
2011-04-21,47811
2011-04-22,75839
2011-04-23,155230
2011-04-24,132621
2011-04-25,46355
2011-04-26,54752
2011-04-27,52035
2011-04-28,73289
2011-04-29,90604
2011-04-30,201858
2011-05-01,169472
2011-05-02,54521
2011-05-03,52935
2011-05-04,90943
2011-05-05,276723
2011-05-06,101050
2011-05-07,178188
2011-05-08,137503
2011-05-09,138116
2011-05-10,239293
2011-05-11,51926
2011-05-12,55006
2011-05-13,75229
2011-05-14,169027
2011-05-15,142023
2011-05-16,52350
2011-05-17,52749
2011-05-18,49242
2011-05-19,98313
2011-05-20,120316
2011-05-21,259667
2011-05-22,219760
2011-05-23,70397
2011-05-24,63401
2011-05-25,66685
2011-05-26,96757
2011-05-27,126051
2011-05-28,329303
2011-05-29,292905
2011-05-30,81423
2011-05-31,82670
2011-06-01,83129
2011-06-02,95215
2011-06-03,115228
2011-06-04,276958
2011-06-05,297973
2011-06-06,312256
2011-06-07,82018
2011-06-08,61128
2011-06-09,71117
2011-06-10,94772
2011-06-11,240685
2011-06-12,199446
2011-06-13,63420
2011-06-14,61600
2011-06-15,61517
2011-06-16,74395
2011-06-17,90640
2011-06-18,216562
2011-06-19,176733
2011-06-20,65145
2011-06-21,68322
2011-06-22,68492
2011-06-23,73039
2011-06-24,93514
2011-06-25,193637
2011-06-26,161156
2011-06-27,61537
2011-06-28,63965
2011-06-29,176309
2011-06-30,163803
2011-07-01,174754
2011-07-02,308920
2011-07-03,282410
2011-07-04,104709
2011-07-05,107193
2011-07-06,96754
2011-07-07,98735
2011-07-08,125349
2011-07-09,287369
2011-07-10,229136
2011-07-11,75178
2011-07-12,70817
2011-07-13,128941
2011-07-14,119479
2011-07-15,146271
2011-07-16,283091
2011-07-17,275510
2011-07-18,102802
2011-07-19,99371
2011-07-20,110482
2011-07-21,114761
2011-07-22,129127
2011-07-23,272544
2011-07-24,246634
2011-07-25,102641
2011-07-26,99517
2011-07-27,89609
2011-07-28,121306
2011-07-29,153605
2011-07-30,267896
2011-07-31,233282
2011-08-01,169265
2011-08-02,157833
2011-08-03,140800
2011-08-04,154825
2011-08-05,171727
2011-08-06,275786
2011-08-07,242342
2011-08-08,104913
2011-08-09,105225
2011-08-10,123760
2011-08-11,142798
2011-08-12,159783
2011-08-13,299352
2011-08-14,302151
2011-08-15,313360
2011-08-16,123106
2011-08-17,134988
2011-08-18,131060
2011-08-19,143050
2011-08-20,289257
2011-08-21,259012
2011-08-22,100532
2011-08-23,100773
2011-08-24,93636
2011-08-25,89787
2011-08-26,105079
2011-08-27,237586
2011-08-28,209790
2011-08-29,72549
2011-08-30,73385
2011-08-31,84869
2011-09-01,73182
2011-09-02,89993
2011-09-03,206982
2011-09-04,180965
2011-09-05,54106
2011-09-06,52316
2011-09-07,60487
2011-09-08,62765
2011-09-09,110073
2011-09-10,222986
2011-09-11,204269
2011-09-12,269029
2011-09-13,285521
2011-09-14,119914
2011-09-15,53744
2011-09-16,62944
2011-09-17,170626
2011-09-18,134739
2011-09-19,39319
2011-09-20,39583
2011-09-21,35193
2011-09-22,72007
2011-09-23,89439
2011-09-24,177578
2011-09-25,162950
2011-09-26,66778
2011-09-27,67947
2011-09-28,76374
2011-09-29,114364
2011-09-30,138212
2011-10-01,240900
2011-10-02,237691
2011-10-03,229457
2011-10-04,69026
2011-10-05,67641
2011-10-06,69503
2011-10-07,88027
2011-10-08,162012
2011-10-09,143490
2011-10-10,51692
2011-10-11,49731
2011-10-12,69493
2011-10-13,66621
2011-10-14,89941
2011-10-15,209052
2011-10-16,174915
2011-10-17,53495
2011-10-18,52564
2011-10-19,57012
2011-10-20,74178
2011-10-21,102274
2011-10-22,213791
2011-10-23,171853
2011-10-24,66630
2011-10-25,71356
2011-10-26,64868
2011-10-27,70669
2011-10-28,89877
2011-10-29,217601
2011-10-30,180232
2011-10-31,68129
2011-11-01,63316
2011-11-02,59969
2011-11-03,62442
2011-11-04,80183
2011-11-05,194644
2011-11-06,169802
2011-11-07,51537
2011-11-08,49067
2011-11-09,63663
2011-11-10,111809
2011-11-11,126701
2011-11-12,219661
2011-11-13,183438
2011-11-14,68679
2011-11-15,61273
2011-11-16,60890
2011-11-17,66431
2011-11-18,87053
2011-11-19,198130
2011-11-20,155205
2011-11-21,54229
2011-11-22,52692
2011-11-23,54042
2011-11-24,63948
2011-11-25,88285
2011-11-26,182219
2011-11-27,158318
2011-11-28,55972
2011-11-29,58860
2011-11-30,79136
2011-12-01,79437
2011-12-02,93644
2011-12-03,208050
2011-12-04,173073
2011-12-05,56792
2011-12-06,60067
2011-12-07,63632
2011-12-08,71106
2011-12-09,97602
2011-12-10,204560
2011-12-11,169773
2011-12-12,58611
2011-12-13,68209
2011-12-14,67825
2011-12-15,129542
2011-12-16,138169
2011-12-17,274949
2011-12-18,266930
2011-12-19,104430
2011-12-20,115954
2011-12-21,142306
2011-12-22,149047
2011-12-23,186397
2011-12-24,395517
2011-12-25,357647
2011-12-26,138691
2011-12-27,138270
2011-12-28,138668
2011-12-29,153693
2011-12-30,196646
2011-12-31,307235
2012-01-01,251743
2012-01-02,112358
2012-01-03,97029
2012-01-04,77077
2012-01-05,85008
2012-01-06,103173
2012-01-07,228074
2012-01-08,188688
2012-01-09,67196
2012-01-10,69187
2012-01-11,70108
2012-01-12,89427
2012-01-13,104063
2012-01-14,244269
2012-01-15,208753
2012-01-16,66089
2012-01-17,71142
2012-01-18,75837
2012-01-19,92589
2012-01-20,130623
2012-01-21,252966
2012-01-22,204627
2012-01-23,246154
2012-01-24,301435
2012-01-25,136567
2012-01-26,103764
2012-01-27,118548
2012-01-28,262502
2012-01-29,232619
2012-01-30,80544
2012-01-31,75895
2012-02-01,73589
2012-02-02,105088
2012-02-03,126524
2012-02-04,271200
2012-02-05,249977
2012-02-06,90788
2012-02-07,88321
2012-02-08,84505
2012-02-09,87827
2012-02-10,101092
2012-02-11,241629
2012-02-12,209130
2012-02-13,67063
2012-02-14,90604
2012-02-15,68777
2012-02-16,88505
2012-02-17,99738
2012-02-18,212706
2012-02-19,187803
2012-02-20,71295
2012-02-21,70428
2012-02-22,67685
2012-02-23,71488
2012-02-24,82102
2012-02-25,178158
2012-02-26,159279
2012-02-27,63322
2012-02-28,63445
2012-02-29,110432
2012-03-01,217480
2012-03-02,99572
2012-03-03,191215
2012-03-04,153456
2012-03-05,50096
2012-03-06,50270
2012-03-07,47180
2012-03-08,66725
2012-03-09,88824
2012-03-10,214065
2012-03-11,182732
2012-03-12,55123
2012-03-13,55846
2012-03-14,81525
2012-03-15,65931
2012-03-16,85555
2012-03-17,203831
2012-03-18,170805
2012-03-19,52415
2012-03-20,49936
2012-03-21,50163
2012-03-22,69172
2012-03-23,92402
2012-03-24,218006
2012-03-25,184505
2012-03-26,63792
2012-03-27,63423
2012-03-28,66968
2012-03-29,85681
2012-03-30,113852
2012-03-31,247566
2012-04-01,203356
2012-04-02,66556
2012-04-03,68362
2012-04-04,63234
2012-04-05,74917
2012-04-06,99555
2012-04-07,210168
2012-04-08,168807
2012-04-09,56759
2012-04-10,82902
2012-04-11,266188
2012-04-12,69509
2012-04-13,94299
2012-04-14,198390
2012-04-15,158115
2012-04-16,55432
2012-04-17,53772
2012-04-18,54825
2012-04-19,52545
2012-04-20,75165
2012-04-21,187390
2012-04-22,157840
2012-04-23,50231
2012-04-24,48690
2012-04-25,88380
2012-04-26,132856
2012-04-27,158818
2012-04-28,273823
2012-04-29,241719
2012-04-30,133364
2012-05-01,214035
2012-05-02,97271
2012-05-03,110535
2012-05-04,155868
2012-05-05,354400
2012-05-06,248938
2012-05-07,93914
2012-05-08,76870
2012-05-09,78486
2012-05-10,88564
2012-05-11,118976
2012-05-12,256496
2012-05-13,230808
2012-05-14,72662
2012-05-15,75028
2012-05-16,62180
2012-05-17,106629
2012-05-18,129490
2012-05-19,248180
2012-05-20,215973
2012-05-21,82052
2012-05-22,77516
2012-05-23,76799
2012-05-24,105020
2012-05-25,138012
2012-05-26,263468
2012-05-27,288865
2012-05-28,289332
2012-05-29,81949
2012-05-30,87894
2012-05-31,100241
2012-06-01,124673
2012-06-02,256650
2012-06-03,215682
2012-06-04,68530
2012-06-05,115112
2012-06-06,338450
2012-06-07,97253
2012-06-08,118074
2012-06-09,262245
2012-06-10,222703
2012-06-11,76400
2012-06-12,70880
2012-06-13,69796
2012-06-14,85107
2012-06-15,100912
2012-06-16,207438
2012-06-17,165180
2012-06-18,58086
2012-06-19,61767
2012-06-20,64337
2012-06-21,83003
2012-06-22,91127
2012-06-23,170565
2012-06-24,150638
2012-06-25,59045
2012-06-26,58852
2012-06-27,58703
2012-06-28,123416
2012-06-29,129730
2012-06-30,266824
2012-07-01,216161
2012-07-02,78640
2012-07-03,77654
2012-07-04,75820
2012-07-05,124730
2012-07-06,156524
2012-07-07,282578
2012-07-08,240699
2012-07-09,98918
2012-07-10,110197
2012-07-11,99506
2012-07-12,98318
2012-07-13,131636
2012-07-14,273975
2012-07-15,234948
2012-07-16,75276
2012-07-17,76234
2012-07-18,71006
2012-07-19,178656
2012-07-20,208168
2012-07-21,324218
2012-07-22,298150
2012-07-23,138049
2012-07-24,132668
2012-07-25,217422
2012-07-26,205070
2012-07-27,233934
2012-07-28,365936
2012-07-29,344539
2012-07-30,224031
2012-07-31,224534
2012-08-01,228668
2012-08-02,236588
2012-08-03,258041
2012-08-04,354765
2012-08-05,312886
2012-08-06,179177
2012-08-07,157071
2012-08-08,173154
2012-08-09,177564
2012-08-10,186663
2012-08-11,311599
2012-08-12,291695
2012-08-13,157135
2012-08-14,194808
2012-08-15,358725
2012-08-16,164130
2012-08-17,177363
2012-08-18,318567
2012-08-19,277445
2012-08-20,114017
2012-08-21,117365
2012-08-22,125799
2012-08-23,124922
2012-08-24,145276
2012-08-25,281234
2012-08-26,244163
2012-08-27,94545
2012-08-28,71629
2012-08-29,106563
2012-08-30,109308
2012-08-31,132477
2012-09-01,228428
2012-09-02,190893
2012-09-03,69548
2012-09-04,67117
2012-09-05,65376
2012-09-06,86262
2012-09-07,105542
2012-09-08,211403
2012-09-09,175312
2012-09-10,63098
2012-09-11,61260
2012-09-12,62657
2012-09-13,104538
2012-09-14,128621
2012-09-15,225868
2012-09-16,198452
2012-09-17,79016
2012-09-18,87368
2012-09-19,85390
2012-09-20,92071
2012-09-21,118491
2012-09-22,230077
2012-09-23,201153
2012-09-24,73340
2012-09-25,77921
2012-09-26,81014
2012-09-27,130292
2012-09-28,200614
2012-09-29,285300
2012-09-30,305939
2012-10-01,371700
2012-10-02,333068
2012-10-03,332809
2012-10-04,82291
2012-10-05,102465
2012-10-06,201266
2012-10-07,182396
2012-10-08,63638
2012-10-09,67607
2012-10-10,67875
2012-10-11,94588
2012-10-12,113759
2012-10-13,208166
2012-10-14,176700
2012-10-15,68288
2012-10-16,74173
2012-10-17,68981
2012-10-18,83651
2012-10-19,102681
2012-10-20,180938
2012-10-21,160769
2012-10-22,64941
2012-10-23,59846
2012-10-24,62828
2012-10-25,62005
2012-10-26,125330
2012-10-27,231772
2012-10-28,188388
2012-10-29,72436
2012-10-30,67788
2012-10-31,96299
2012-11-01,96725
2012-11-02,122039
2012-11-03,226621
2012-11-04,214111
2012-11-05,86252
2012-11-06,85463
2012-11-07,112404
2012-11-08,164012
2012-11-09,149764
2012-11-10,261128
2012-11-11,256364
2012-11-12,101850
2012-11-13,95107
2012-11-14,96814
2012-11-15,135674
2012-11-16,158488
2012-11-17,278018
2012-11-18,236913
2012-11-19,97410
2012-11-20,96271
2012-11-21,99432
2012-11-22,112178
2012-11-23,144654
2012-11-24,228983
2012-11-25,199598
2012-11-26,91484
2012-11-27,89065
2012-11-28,86352
2012-11-29,101675
2012-11-30,124846
2012-12-01,225306
2012-12-02,196022
2012-12-03,73478
2012-12-04,71062
2012-12-05,67946
2012-12-06,79808
2012-12-07,102958
2012-12-08,225423
2012-12-09,191658
2012-12-10,69539
2012-12-11,83718
2012-12-12,86772
2012-12-13,113773
2012-12-14,140673
2012-12-15,248719
2012-12-16,213279
2012-12-17,99471
2012-12-18,137740
2012-12-19,309518
2012-12-20,131347
2012-12-21,164643
2012-12-22,277281
2012-12-23,266766
2012-12-24,282606
2012-12-25,381044
2012-12-26,149957
2012-12-27,149247
2012-12-28,186159
2012-12-29,284824
2012-12-30,275204
2012-12-31,263142
2013-01-01,310670
2013-01-02,121805
2013-01-03,108051
2013-01-04,127524
2013-01-05,269277
2013-01-06,241246
2013-01-07,92176
2013-01-08,97350
2013-01-09,110220
2013-01-10,110341
2013-01-11,134390
2013-01-12,275428
2013-01-13,255778
2013-01-14,104541
2013-01-15,107884
2013-01-16,104107
2013-01-17,131006
2013-01-18,148231
2013-01-19,294573
2013-01-20,267459
2013-01-21,103388
2013-01-22,113303
2013-01-23,119632
2013-01-24,133519
2013-01-25,151495
2013-01-26,310422
2013-01-27,293064
2013-01-28,123851
2013-01-29,146574
2013-01-30,169826
2013-01-31,173813
2013-02-01,189512
2013-02-02,371808
2013-02-03,331104
2013-02-04,136730
2013-02-05,134588
2013-02-06,151839
2013-02-07,145061
2013-02-08,226960
2013-02-09,328402
2013-02-10,339076
2013-02-11,403743
2013-02-12,240171
2013-02-13,129265
2013-02-14,152760
2013-02-15,147840
2013-02-16,283104
2013-02-17,252507
2013-02-18,108960
2013-02-19,107898
2013-02-20,103616
2013-02-21,136507
2013-02-22,148231
2013-02-23,261271
2013-02-24,250764
2013-02-25,120104
2013-02-26,125441
2013-02-27,124876
2013-02-28,171171
2013-03-01,303942
2013-03-02,272096
2013-03-03,215799
2013-03-04,72222
2013-03-05,64694
2013-03-06,65081
2013-03-07,72694
2013-03-08,92017
2013-03-09,202177
2013-03-10,184521
2013-03-11,58428
2013-03-12,54595
2013-03-13,58225
2013-03-14,85811
2013-03-15,89950
2013-03-16,197127
2013-03-17,166614
2013-03-18,57253
2013-03-19,56667
2013-03-20,57910
2013-03-21,79433
2013-03-22,105359
2013-03-23,212653
2013-03-24,182764
2013-03-25,63765
2013-03-26,63831
2013-03-27,67897
2013-03-28,82593
2013-03-29,106697
2013-03-30,204143
2013-03-31,178203
2013-04-01,66483
2013-04-02,68494
2013-04-03,68652
2013-04-04,74213
2013-04-05,97110
2013-04-06,176992
2013-04-07,146982
2013-04-08,47393
2013-04-09,50149
2013-04-10,59929
2013-04-11,76648
2013-04-12,99797
2013-04-13,173227
2013-04-14,158675
2013-04-15,54257
2013-04-16,50944
2013-04-17,48959
2013-04-18,56500
2013-04-19,75331
2013-04-20,162018
2013-04-21,108040
2013-04-22,43023
2013-04-23,47139
2013-04-24,48423
2013-04-25,158204
2013-04-26,180607
2013-04-27,302058
2013-04-28,271453
2013-04-29,112045
2013-04-30,134120
2013-05-01,233912
2013-05-02,99828
2013-05-03,141051
2013-05-04,264358
2013-05-05,243200
2013-05-06,78922
2013-05-07,66441
2013-05-08,64042
2013-05-09,75317
2013-05-10,105717
2013-05-11,195838
2013-05-12,168863
2013-05-13,54683
2013-05-14,51224
2013-05-15,63133
2013-05-16,103804
2013-05-17,264825
2013-05-18,228059
2013-05-19,201774
2013-05-20,69394
2013-05-21,64290
2013-05-22,81883
2013-05-23,82967
2013-05-24,108943
2013-05-25,219932
2013-05-26,196304
2013-05-27,79217
2013-05-28,75055
2013-05-29,77541
2013-05-30,96527
2013-05-31,122683
2013-06-01,222986
2013-06-02,187520
2013-06-03,58209
2013-06-04,54024
2013-06-05,174537
2013-06-06,349101
2013-06-07,202848
2013-06-08,291432
2013-06-09,250708
2013-06-10,87583
2013-06-11,78909
2013-06-12,84313
2013-06-13,113567
2013-06-14,140214
2013-06-15,269887
2013-06-16,222727
2013-06-17,79669
2013-06-18,75359
2013-06-19,79720
2013-06-20,132128
2013-06-21,152646
2013-06-22,278388
2013-06-23,243687
2013-06-24,107775
2013-06-25,102672
2013-06-26,104745
2013-06-27,119603
2013-06-28,133194
2013-06-29,248360
2013-06-30,220352
2013-07-01,94658
2013-07-02,88158
2013-07-03,123011
2013-07-04,125885
2013-07-05,160197
2013-07-06,283335
2013-07-07,239482
2013-07-08,99306
2013-07-09,116349
2013-07-10,114489
2013-07-11,152590
2013-07-12,160877
2013-07-13,308345
2013-07-14,271509
2013-07-15,106574
2013-07-16,99843
2013-07-17,109352
2013-07-18,129680
2013-07-19,152971
2013-07-20,285434
2013-07-21,262202
2013-07-22,104742
2013-07-23,103825
2013-07-24,104866
2013-07-25,135923
2013-07-26,148090
2013-07-27,275300
2013-07-28,247276
2013-07-29,140772
2013-07-30,125481
2013-07-31,237666
2013-08-01,308461
2013-08-02,327462
2013-08-03,434556
2013-08-04,393670
2013-08-05,238144
2013-08-06,217941
2013-08-07,205411
2013-08-08,191572
2013-08-09,214825
2013-08-10,380858
2013-08-11,341866
2013-08-12,150955
2013-08-13,147808
2013-08-14,254293
2013-08-15,419343
2013-08-16,256542
2013-08-17,369819
2013-08-18,321311
2013-08-19,142252
2013-08-20,130639
2013-08-21,120810
2013-08-22,154960
2013-08-23,180550
2013-08-24,332825
2013-08-25,295280
2013-08-26,119235
2013-08-27,114710
2013-08-28,109504
2013-08-29,137085
2013-08-30,165840
2013-08-31,289392
2013-09-01,231012
2013-09-02,76319
2013-09-03,73975
2013-09-04,69955
2013-09-05,80476
2013-09-06,100447
2013-09-07,205123
2013-09-08,172847
2013-09-09,54477
2013-09-10,51409
2013-09-11,135907
2013-09-12,132406
2013-09-13,172129
2013-09-14,337705
2013-09-15,289722
2013-09-16,105383
2013-09-17,186393
2013-09-18,285456
2013-09-19,331377
2013-09-20,379700
2013-09-21,354046
2013-09-22,261851
2013-09-23,93330
2013-09-24,86871
2013-09-25,88912
2013-09-26,77497
2013-09-27,106354
2013-09-28,190426
2013-09-29,178123
2013-09-30,63484
2013-10-01,60770
2013-10-02,115624
2013-10-03,216914
2013-10-04,114683
2013-10-05,168033
2013-10-06,138217
2013-10-07,55500
2013-10-08,80056
2013-10-09,232642
2013-10-10,76014
2013-10-11,99372
2013-10-12,168022
2013-10-13,153145
2013-10-14,59255
2013-10-15,65649
2013-10-16,58527
2013-10-17,88796
2013-10-18,120963
2013-10-19,202623
2013-10-20,172808
2013-10-21,70109
2013-10-22,66282
2013-10-23,70446
2013-10-24,88567
2013-10-25,118823
2013-10-26,213942
2013-10-27,187840
2013-10-28,73532
2013-10-29,76000
2013-10-30,100539
2013-10-31,91343
2013-11-01,112597
2013-11-02,235135
2013-11-03,192674
2013-11-04,61448
2013-11-05,58679
2013-11-06,86309
2013-11-07,101901
2013-11-08,110703
2013-11-09,199364
2013-11-10,177329
2013-11-11,67895
2013-11-12,59351
2013-11-13,54326
2013-11-14,118786
2013-11-15,124918
2013-11-16,221032
2013-11-17,197691
2013-11-18,80830
2013-11-19,75331
2013-11-20,73587
2013-11-21,90834
2013-11-22,112144
2013-11-23,207808
2013-11-24,182545
2013-11-25,71517
2013-11-26,74016
2013-11-27,72202
2013-11-28,75793
2013-11-29,97364
2013-11-30,190117
2013-12-01,160549
2013-12-02,57642
2013-12-03,54413
2013-12-04,55035
2013-12-05,75526
2013-12-06,94604
2013-12-07,183974
2013-12-08,166844
2013-12-09,67491
2013-12-10,73457
2013-12-11,86602
2013-12-12,106523
2013-12-13,131194
2013-12-14,232880
2013-12-15,215724
2013-12-16,88913
2013-12-17,98633
2013-12-18,121394
2013-12-19,150013
2013-12-20,170425
2013-12-21,313420
2013-12-22,299606
2013-12-23,145410
2013-12-24,311381
2013-12-25,433806
2013-12-26,181668
2013-12-27,201615
2013-12-28,329917
2013-12-29,313152
2013-12-30,190570
2013-12-31,300792
2014-01-01,371978
2014-01-02,157953
2014-01-03,161486
2014-01-04,308604
2014-01-05,266858
2014-01-06,104229
2014-01-07,102889
2014-01-08,96461
2014-01-09,115744
2014-01-10,126234
2014-01-11,269554
2014-01-12,243148
2014-01-13,90419
2014-01-14,90694
2014-01-15,86567
2014-01-16,121627
2014-01-17,134873
2014-01-18,283831
2014-01-19,262658
2014-01-20,104065
2014-01-21,114181
2014-01-22,165866
2014-01-23,163228
2014-01-24,186778
2014-01-25,363893
2014-01-26,341688
2014-01-27,151983
2014-01-28,156193
2014-01-29,239012
2014-01-30,340886
2014-01-31,349373
2014-02-01,430669
2014-02-02,369451
2014-02-03,157796
2014-02-04,123437
2014-02-05,119763
2014-02-06,127454
2014-02-07,149824
2014-02-08,326943
2014-02-09,302545
2014-02-10,100457
2014-02-11,101470
2014-02-12,94614
2014-02-13,117725
2014-02-14,158350
2014-02-15,279555
2014-02-16,245663
2014-02-17,95709
2014-02-18,94707
2014-02-19,86003
2014-02-20,106247
2014-02-21,120442
2014-02-22,233961
2014-02-23,213614
2014-02-24,88494
2014-02-25,90057
2014-02-26,102988
2014-02-27,105374
2014-02-28,123616
2014-03-01,244883
2014-03-02,182773
2014-03-03,61561
2014-03-04,59070
2014-03-05,57137
2014-03-06,79763
2014-03-07,98624
2014-03-08,214170
2014-03-09,179250
2014-03-10,57009
2014-03-11,49486
2014-03-12,51007
2014-03-13,69000
2014-03-14,95786
2014-03-15,184022
2014-03-16,151010
2014-03-17,48533
2014-03-18,47590
2014-03-19,47223
2014-03-20,89785
2014-03-21,104003
2014-03-22,213630
2014-03-23,177594
2014-03-24,56492
2014-03-25,51279
2014-03-26,99121
2014-03-27,82003
2014-03-28,114586
2014-03-29,244332
2014-03-30,200107
2014-03-31,69913
2014-04-01,55496
2014-04-02,53403
2014-04-03,64584
2014-04-04,86224
2014-04-05,186865
2014-04-06,150950
2014-04-07,46691
2014-04-08,42221
2014-04-09,42481
2014-04-10,66936
2014-04-11,87761
2014-04-12,167223
2014-04-13,138514
2014-04-14,45097
2014-04-15,43150
2014-04-16,46960
2014-04-17,47295
2014-04-18,62186
2014-04-19,123340
2014-04-20,97782
2014-04-21,37426
2014-04-22,34905
2014-04-23,78438
2014-04-24,75342
2014-04-25,104454
2014-04-26,213440
2014-04-27,204609
2014-04-28,60365
2014-04-29,59518
2014-04-30,158268
2014-05-01,237137
2014-05-02,176442
2014-05-03,264376
2014-05-04,264685
2014-05-05,323076
2014-05-06,244758
2014-05-07,57656
2014-05-08,61457
2014-05-09,87209
2014-05-10,189019
2014-05-11,177757
2014-05-12,55769
2014-05-13,52258
2014-05-14,76473
2014-05-15,105609
2014-05-16,117661
2014-05-17,215919
2014-05-18,177540
2014-05-19,61903
2014-05-20,63934
2014-05-21,78368
2014-05-22,107491
2014-05-23,136882
2014-05-24,257308
2014-05-25,238211
2014-05-26,84175
2014-05-27,73310
2014-05-28,80037
2014-05-29,97192
2014-05-30,130779
2014-05-31,269672
2014-06-01,228619
2014-06-02,77111
2014-06-03,116516
2014-06-04,291052
2014-06-05,183152
2014-06-06,328265
2014-06-07,281653
2014-06-08,233619
2014-06-09,79246
2014-06-10,73254
2014-06-11,77338
2014-06-12,79947
2014-06-13,104766
2014-06-14,207348
2014-06-15,170982
2014-06-16,60305
2014-06-17,58693
2014-06-18,65532
2014-06-19,76282
2014-06-20,99960
2014-06-21,193237
2014-06-22,163276
2014-06-23,64331
2014-06-24,70872
2014-06-25,163174
2014-06-26,120005
2014-06-27,134825
2014-06-28,272098
2014-06-29,237082
2014-06-30,90153
2014-07-01,75370
2014-07-02,81790
2014-07-03,107826
2014-07-04,132204
2014-07-05,249970
2014-07-06,215071
2014-07-07,86324
2014-07-08,93602
2014-07-09,99800
2014-07-10,126263
2014-07-11,156281
2014-07-12,291425
2014-07-13,263605
2014-07-14,92546
2014-07-15,89489
2014-07-16,98263
2014-07-17,93645
2014-07-18,116558
2014-07-19,234534
2014-07-20,204325
2014-07-21,71902
2014-07-22,65534
2014-07-23,191398
2014-07-24,166047
2014-07-25,191213
2014-07-26,364171
2014-07-27,325468
2014-07-28,146034
2014-07-29,140406
2014-07-30,262584
2014-07-31,278715
2014-08-01,321146
2014-08-02,442737
2014-08-03,420233
2014-08-04,303675
2014-08-05,273081
2014-08-06,266579
2014-08-07,254461
2014-08-08,270494
2014-08-09,432080
2014-08-10,405377
2014-08-11,223550
2014-08-12,210633
2014-08-13,223090
2014-08-14,242907
2014-08-15,415919
2014-08-16,383267
2014-08-17,354052
2014-08-18,163303
2014-08-19,153307
2014-08-20,130684
2014-08-21,131959
2014-08-22,147111
2014-08-23,269040
2014-08-24,244528
2014-08-25,104758
2014-08-26,98970
2014-08-27,116032
2014-08-28,110731
2014-08-29,131965
2014-08-30,259514
2014-08-31,231845
2014-09-01,79064
2014-09-02,74978
2014-09-03,164459
2014-09-04,131514
2014-09-05,188422
2014-09-06,320495
2014-09-07,280664
2014-09-08,335309
2014-09-09,395222
2014-09-10,328075
2014-09-11,100905
2014-09-12,118636
2014-09-13,227894
2014-09-14,193444
2014-09-15,65501
2014-09-16,66260
2014-09-17,62424
2014-09-18,79084
2014-09-19,102889
2014-09-20,189127
2014-09-21,159371
2014-09-22,58395
2014-09-23,58002
2014-09-24,81613
2014-09-25,61448
2014-09-26,77423
2014-09-27,147695
2014-09-28,126151
2014-09-29,54717
2014-09-30,52781
2014-10-01,55766
2014-10-02,137644
2014-10-03,259155
2014-10-04,207160
2014-10-05,164975
2014-10-06,62317
2014-10-07,61804
2014-10-08,111465
2014-10-09,230923
2014-10-10,121663
2014-10-11,189749
2014-10-12,157882
2014-10-13,56204
2014-10-14,54959
2014-10-15,60151
2014-10-16,64820
2014-10-17,80831
2014-10-18,147976
2014-10-19,121734
2014-10-20,52121
2014-10-21,49365
2014-10-22,47478
2014-10-23,68865
2014-10-24,90851
2014-10-25,165151
2014-10-26,147187
2014-10-27,55173
2014-10-28,53712
2014-10-29,68748
2014-10-30,58332
2014-10-31,81935
2014-11-01,151336
2014-11-02,125076
2014-11-03,46337
2014-11-04,40575
2014-11-05,44003
2014-11-06,105091
2014-11-07,137535
2014-11-08,267086
2014-11-09,240447
2014-11-10,93000
2014-11-11,95824
2014-11-12,114395
2014-11-13,150785
2014-11-14,143174
2014-11-15,266485
2014-11-16,238037
2014-11-17,83276
2014-11-18,81811
2014-11-19,80023
2014-11-20,113116
2014-11-21,143693
2014-11-22,268806
2014-11-23,238785
2014-11-24,93785
2014-11-25,87038
2014-11-26,109089
2014-11-27,100543
2014-11-28,129309
2014-11-29,236632
2014-11-30,218503
2014-12-01,82244
2014-12-02,78075
2014-12-03,79136
2014-12-04,79112
2014-12-05,101704
2014-12-06,207632
2014-12-07,180726
2014-12-08,71118
2014-12-09,67559
2014-12-10,85202
2014-12-11,84550
2014-12-12,106706
2014-12-13,213924
2014-12-14,196025
2014-12-15,83703
2014-12-16,100364
2014-12-17,150092
2014-12-18,146651
2014-12-19,171306
2014-12-20,309622
2014-12-21,291095
2014-12-22,134946
2014-12-23,142989
2014-12-24,290951
2014-12-25,437934
2014-12-26,235899
2014-12-27,335273
2014-12-28,313689
2014-12-29,176447
2014-12-30,186980
2014-12-31,289223
2015-01-01,392746
2015-01-02,270939
2015-01-03,340931
2015-01-04,295320
2015-01-05,121840
2015-01-06,120938
2015-01-07,106371
2015-01-08,112522
2015-01-09,122848
2015-01-10,259009
2015-01-11,240020
2015-01-12,87241
2015-01-13,88049
2015-01-14,127901
2015-01-15,149493
2015-01-16,151238
2015-01-17,292773
2015-01-18,258701
2015-01-19,98905
2015-01-20,97766
2015-01-21,129988
2015-01-22,123905
2015-01-23,137238
2015-01-24,284889
2015-01-25,257134
2015-01-26,84523
2015-01-27,87405
2015-01-28,100573
2015-01-29,84623
2015-01-30,100526
2015-01-31,210956
2015-02-01,192806
2015-02-02,62092
2015-02-03,61346
2015-02-04,55470
2015-02-05,77369
2015-02-06,84966
2015-02-07,189181
2015-02-08,172980
2015-02-09,53538
2015-02-10,57450
2015-02-11,90956
2015-02-12,87784
2015-02-13,107762
2015-02-14,252209
2015-02-15,211139
2015-02-16,91094
2015-02-17,150201
2015-02-18,229766
2015-02-19,265870
2015-02-20,323957
2015-02-21,309875
2015-02-22,245470
2015-02-23,92971
2015-02-24,93159
2015-02-25,114222
2015-02-26,104952
2015-02-27,114583
2015-02-28,216657
2015-03-01,180121
2015-03-02,67510
2015-03-03,58104
2015-03-04,58277
2015-03-05,75158
2015-03-06,92935
2015-03-07,191230
2015-03-08,157287
2015-03-09,55791
2015-03-10,50299
2015-03-11,52118
2015-03-12,82413
2015-03-13,100411
2015-03-14,225265
2015-03-15,175508
2015-03-16,57720
2015-03-17,57279
2015-03-18,59552
2015-03-19,63906
2015-03-20,87168
2015-03-21,190615
2015-03-22,166131
2015-03-23,52151
2015-03-24,49062
2015-03-25,93702
2015-03-26,70970
2015-03-27,95554
2015-03-28,200342
2015-03-29,170866
2015-03-30,61916
2015-03-31,60210
2015-04-01,94761
2015-04-02,75131
2015-04-03,111973
2015-04-04,212403
2015-04-05,187022
2015-04-06,62752
2015-04-07,58187
2015-04-08,53566
2015-04-09,61711
2015-04-10,81223
2015-04-11,151440
2015-04-12,128590
2015-04-13,48516
2015-04-14,53861
2015-04-15,49491
2015-04-16,49744
2015-04-17,63573
2015-04-18,117639
2015-04-19,115537
2015-04-20,39970
2015-04-21,35826
2015-04-22,38138
2015-04-23,190037
2015-04-24,195285
2015-04-25,325928
2015-04-26,287674
2015-04-27,103797
2015-04-28,97586
2015-04-29,138671
2015-04-30,156062
2015-05-01,278293
2015-05-02,278449
2015-05-03,252160
2015-05-04,214255
2015-05-05,273519
2015-05-06,68130
2015-05-07,61782
2015-05-08,77256
2015-05-09,163325
2015-05-10,147534
2015-05-11,50717
2015-05-12,52697
2015-05-13,46043
2015-05-14,81211
2015-05-15,117762
2015-05-16,222383
2015-05-17,199652
2015-05-18,75070
2015-05-19,71458
2015-05-20,72756
2015-05-21,95131
2015-05-22,125335
2015-05-23,247865
2015-05-24,276313
2015-05-25,273694
2015-05-26,72932
2015-05-27,101944
2015-05-28,83060
2015-05-29,106014
2015-05-30,232043
2015-05-31,200089
2015-06-01,69062
2015-06-02,59585
2015-06-03,67644
2015-06-04,69033
2015-06-05,89309
2015-06-06,181444
2015-06-07,137389
2015-06-08,50853
2015-06-09,45159
2015-06-10,48475
2015-06-11,105660
2015-06-12,126213
2015-06-13,249176
2015-06-14,209138
2015-06-15,70447
2015-06-16,62574
2015-06-17,67502
2015-06-18,115037
2015-06-19,139862
2015-06-20,274744
2015-06-21,235013
2015-06-22,96740
2015-06-23,88459
2015-06-24,127734
2015-06-25,111828
2015-06-26,138632
2015-06-27,261356
2015-06-28,237483
2015-06-29,106891
2015-06-30,105331
2015-07-01,95616
2015-07-02,137672
2015-07-03,161206
2015-07-04,286551
2015-07-05,245193
2015-07-06,92931
2015-07-07,108149
2015-07-08,105473
2015-07-09,145116
2015-07-10,167814
2015-07-11,333376
2015-07-12,309168
2015-07-13,106565
2015-07-14,104792
2015-07-15,104160
2015-07-16,111909
2015-07-17,150115
2015-07-18,291378
2015-07-19,264004
2015-07-20,101808
2015-07-21,100066
2015-07-22,186435
2015-07-23,169295
2015-07-24,208640
2015-07-25,370536
2015-07-26,354844
2015-07-27,174968
2015-07-28,165906
2015-07-29,237620
2015-07-30,284897
2015-07-31,306016
2015-08-01,436474
2015-08-02,408484
2015-08-03,266882
2015-08-04,241386
2015-08-05,267919
2015-08-06,245744
2015-08-07,273471
2015-08-08,427659
2015-08-09,405043
2015-08-10,213936
2015-08-11,206466
2015-08-12,198473
2015-08-13,230725
2015-08-14,388117
2015-08-15,421162
2015-08-16,352915
2015-08-17,167650
2015-08-18,150620
2015-08-19,139463
2015-08-20,160332
2015-08-21,181490
2015-08-22,314871
2015-08-23,292067
2015-08-24,111123
2015-08-25,114689
2015-08-26,135885
2015-08-27,109738
2015-08-28,134036
2015-08-29,267899
2015-08-30,245570
2015-08-31,94345
2015-09-01,80747
2015-09-02,82707
2015-09-03,115523
2015-09-04,146562
2015-09-05,285238
2015-09-06,238735
2015-09-07,76890
2015-09-08,68918
2015-09-09,69793
2015-09-10,67019
2015-09-11,96573
2015-09-12,193631
2015-09-13,159142
2015-09-14,52904
2015-09-15,47346
2015-09-16,119055
2015-09-17,111286
2015-09-18,152405
2015-09-19,276402
2015-09-20,245320
2015-09-21,83401
2015-09-22,79081
2015-09-23,82111
2015-09-24,113373
2015-09-25,202272
2015-09-26,290480
2015-09-27,341705
2015-09-28,411686
2015-09-29,363130
2015-09-30,146406
2015-10-01,104819
2015-10-02,118813
2015-10-03,232821
2015-10-04,187151
2015-10-05,65409
2015-10-06,67767
2015-10-07,67767
2015-10-08,162247
2015-10-09,321593
2015-10-10,308147
2015-10-11,255129
2015-10-12,83494
2015-10-13,79675
2015-10-14,88864
2015-10-15,78349
2015-10-16,113401
2015-10-17,199519
2015-10-18,170189
2015-10-19,58954
2015-10-20,59602
2015-10-21,60149
2015-10-22,82497
2015-10-23,110536
2015-10-24,204748
2015-10-25,173442
2015-10-26,62596
2015-10-27,62160
2015-10-28,100490
2015-10-29,65784
2015-10-30,92837
2015-10-31,179269
2015-11-01,154965
2015-11-02,53634
2015-11-03,51139
2015-11-04,50336
2015-11-05,92354
2015-11-06,123522
2015-11-07,250121
2015-11-08,220875
2015-11-09,82155
2015-11-10,73727
2015-11-11,132042
2015-11-12,127248
2015-11-13,144324
2015-11-14,259221
2015-11-15,208541
2015-11-16,75212
2015-11-17,74427
2015-11-18,100615
2015-11-19,124205
2015-11-20,154841
2015-11-21,266493
2015-11-22,241164
2015-11-23,102475
2015-11-24,94949
2015-11-25,142465
2015-11-26,104361
2015-11-27,133114
2015-11-28,236905
2015-11-29,212484
2015-11-30,87872
2015-12-01,77905
2015-12-02,74435
2015-12-03,91397
2015-12-04,106221
2015-12-05,198469
2015-12-06,173554
2015-12-07,68125
2015-12-08,66557
2015-12-09,65549
2015-12-10,72225
2015-12-11,83554
2015-12-12,157540
2015-12-13,136915
2015-12-14,53653
2015-12-15,54639
2015-12-16,111147
2015-12-17,146940
2015-12-18,160984
2015-12-19,286730
2015-12-20,276594
2015-12-21,116286
2015-12-22,112054
2015-12-23,119323
2015-12-24,247807
2015-12-25,453684
2015-12-26,331011
2015-12-27,269644
2015-12-28,122328
2015-12-29,129941
2015-12-30,181333
2015-12-31,223715
2016-01-01,323383
2016-01-02,351980
2016-01-03,261849
2016-01-04,104660
2016-01-05,91841
2016-01-06,81200
2016-01-07,103886
2016-01-08,111136
2016-01-09,232766
2016-01-10,202049
2016-01-11,68232
2016-01-12,67898
2016-01-13,63679
2016-01-14,100096
2016-01-15,102111
2016-01-16,211429
2016-01-17,183426
2016-01-18,68232
2016-01-19,57972
2016-01-20,59667
2016-01-21,73670
2016-01-22,83564
2016-01-23,174518
2016-01-24,141574
2016-01-25,52477
2016-01-26,51985
2016-01-27,80502
2016-01-28,91476
2016-01-29,99151
2016-01-30,241805
2016-01-31,224678
2016-02-01,59262
2016-02-02,53911
2016-02-03,152946
2016-02-04,144703
2016-02-05,193367
2016-02-06,329041
2016-02-07,262653
2016-02-08,296722
2016-02-09,379227
2016-02-10,320056
2016-02-11,104163
2016-02-12,106593
2016-02-13,226230
2016-02-14,211881
2016-02-15,67884
2016-02-16,88603
2016-02-17,146350
2016-02-18,139298
2016-02-19,156267
2016-02-20,297014
2016-02-21,263880
2016-02-22,112469
2016-02-23,110251
2016-02-24,177645
2016-02-25,127016
2016-02-26,147175
2016-02-27,264257
2016-02-28,246795
2016-02-29,181671
2016-03-01,306807
2016-03-02,80625
2016-03-03,78866
2016-03-04,94728
2016-03-05,220809
2016-03-06,197993
2016-03-07,62462
2016-03-08,59233
2016-03-09,54566
2016-03-10,64262
2016-03-11,82557
2016-03-12,189531
2016-03-13,170010
2016-03-14,54976
2016-03-15,44630
2016-03-16,45320
2016-03-17,42769
2016-03-18,57465
2016-03-19,132964
2016-03-20,109758
2016-03-21,33493
2016-03-22,31531
2016-03-23,41170
2016-03-24,90445
2016-03-25,102194
2016-03-26,204517
2016-03-27,170656
2016-03-28,48757
2016-03-29,44258
2016-03-30,67517
2016-03-31,46754
2016-04-01,53213
2016-04-02,111685
2016-04-03,103735
2016-04-04,27845
2016-04-05,25711
2016-04-06,28032
2016-04-07,43450
2016-04-08,58838
2016-04-09,126907
2016-04-10,109545
2016-04-11,41359
2016-04-12,50017
2016-04-13,172921
2016-04-14,43831
2016-04-15,59037
2016-04-16,137759
2016-04-17,115791
2016-04-18,35481
2016-04-19,35315
2016-04-20,37311
2016-04-21,42188
2016-04-22,54374
2016-04-23,105074
2016-04-24,84801
2016-04-25,29682
2016-04-26,31193
2016-04-27,217360
2016-04-28,155008
2016-04-29,197014
2016-04-30,340280
2016-05-01,285529
2016-05-02,89639
2016-05-03,93133
2016-05-04,146346
2016-05-05,333746
2016-05-06,263226
2016-05-07,205677
2016-05-08,151302
2016-05-09,58241
2016-05-10,55703
2016-05-11,88982
2016-05-12,119231
2016-05-13,158693
2016-05-14,298351
2016-05-15,251487
2016-05-16,113439
2016-05-17,85794
2016-05-18,86185
2016-05-19,94345
2016-05-20,128560
2016-05-21,251669
2016-05-22,223760
2016-05-23,73132
2016-05-24,71367
2016-05-25,154134
2016-05-26,100371
2016-05-27,132705
2016-05-28,271462
2016-05-29,231806
2016-05-30,75474
2016-05-31,70848
2016-06-01,133644
2016-06-02,127891
2016-06-03,163081
2016-06-04,279476
2016-06-05,289461
2016-06-06,270601
2016-06-07,81284
2016-06-08,78194
2016-06-09,127794
2016-06-10,154538
2016-06-11,297535
2016-06-12,273183
2016-06-13,93441
2016-06-14,89070
2016-06-15,94672
2016-06-16,97923
2016-06-17,129524
2016-06-18,251878
2016-06-19,216129
2016-06-20,83089
2016-06-21,87167
2016-06-22,110634
2016-06-23,100181
2016-06-24,120154
2016-06-25,223373
2016-06-26,185477
2016-06-27,70774
2016-06-28,65722
2016-06-29,146080
2016-06-30,95662
2016-07-01,106202
2016-07-02,224145
2016-07-03,181950
2016-07-04,71780
2016-07-05,85495
2016-07-06,105280
2016-07-07,97299
2016-07-08,119133
2016-07-09,264519
2016-07-10,243669
2016-07-11,72695
2016-07-12,95457
2016-07-13,118775
2016-07-14,101637
2016-07-15,141413
2016-07-16,304304
2016-07-17,267458
2016-07-18,90662
2016-07-19,87229
2016-07-20,249510
2016-07-21,212871
2016-07-22,238007
2016-07-23,419941
2016-07-24,384598
2016-07-25,178143
2016-07-26,161243
2016-07-27,317545
2016-07-28,242931
2016-07-29,265982
2016-07-30,450439
2016-07-31,417614
2016-08-01,257580
2016-08-02,232200
2016-08-03,344226
2016-08-04,291641
2016-08-05,297995
2016-08-06,442236
2016-08-07,405498
2016-08-08,212992
2016-08-09,202376
2016-08-10,232425
2016-08-11,220557
2016-08-12,243364
2016-08-13,393209
2016-08-14,411763
2016-08-15,411139
2016-08-16,163614
2016-08-17,152726
2016-08-18,145044
2016-08-19,156110
2016-08-20,295878
2016-08-21,265488
2016-08-22,105122
2016-08-23,96357
2016-08-24,96840
2016-08-25,95642
2016-08-26,115664
2016-08-27,211352
2016-08-28,186408
2016-08-29,67779
2016-08-30,66546
2016-08-31,116631
2016-09-01,55956
2016-09-02,73589
2016-09-03,145241
2016-09-04,122473
2016-09-05,41423
2016-09-06,36321
2016-09-07,102492
2016-09-08,92433
2016-09-09,118992
2016-09-10,237452
2016-09-11,216813
2016-09-12,76031
2016-09-13,122612
2016-09-14,242683
2016-09-15,303273
2016-09-16,335675
2016-09-17,303201
2016-09-18,199570
2016-09-19,59306
2016-09-20,50985
2016-09-21,55877
2016-09-22,53205
2016-09-23,69662
2016-09-24,127950
2016-09-25,112468
2016-09-26,43981
2016-09-27,45423
2016-09-28,184003
2016-09-29,115676
2016-09-30,145170
2016-10-01,237327
2016-10-02,275376
2016-10-03,242693
2016-10-04,77121
2016-10-05,78835
2016-10-06,77776
2016-10-07,106135
2016-10-08,195034
2016-10-09,171345
2016-10-10,62076
2016-10-11,54438
2016-10-12,58449
2016-10-13,88582
2016-10-14,120569
2016-10-15,228293
2016-10-16,221404
2016-10-17,83139
2016-10-18,77457
2016-10-19,82208
2016-10-20,83079
2016-10-21,113344
2016-10-22,219828
2016-10-23,200629
2016-10-24,62678
2016-10-25,91730
2016-10-26,186584
2016-10-27,110908
2016-10-28,154256
2016-10-29,290769
2016-10-30,250672
2016-10-31,87461
2016-11-01,78091
2016-11-02,74251
2016-11-03,69952
2016-11-04,104014
2016-11-05,208789
2016-11-06,172159
2016-11-07,52109
2016-11-08,53165
2016-11-09,59544
2016-11-10,62109
2016-11-11,90457
2016-11-12,155897
2016-11-13,137521
2016-11-14,45636
2016-11-15,43790
2016-11-16,121851
2016-11-17,127190
2016-11-18,133852
2016-11-19,233967
2016-11-20,212271
2016-11-21,74549
2016-11-22,69429
2016-11-23,84129
2016-11-24,92574
2016-11-25,113485
2016-11-26,211560
2016-11-27,199131
2016-11-28,76049
2016-11-29,74702
2016-11-30,161251
2016-12-01,93509
2016-12-02,115958
2016-12-03,206378
2016-12-04,184303
2016-12-05,76860
2016-12-06,71343
2016-12-07,95120
2016-12-08,103546
2016-12-09,124237
2016-12-10,243911
2016-12-11,228376
2016-12-12,93586
2016-12-13,100122
2016-12-14,111664
2016-12-15,108248
2016-12-16,132188
2016-12-17,229190
2016-12-18,211500
2016-12-19,99703
2016-12-20,102381
2016-12-21,159751
2016-12-22,149728
2016-12-23,185720
2016-12-24,398874
2016-12-25,376962
2016-12-26,137731
2016-12-27,136282
2016-12-28,198424
2016-12-29,162434
2016-12-30,213528
2016-12-31,315417
2017-01-01,268285
2017-01-02,106458
2017-01-03,91541
2017-01-04,144089
2017-01-05,130256
2017-01-06,147168
2017-01-07,290107
2017-01-08,260996
2017-01-09,101875
2017-01-10,106245
2017-01-11,110851
2017-01-12,113518
2017-01-13,129465
2017-01-14,264864
2017-01-15,248914
2017-01-16,86389
2017-01-17,88101
2017-01-18,159987
2017-01-19,140168
2017-01-20,153595
2017-01-21,315394
2017-01-22,297692
2017-01-23,105363
2017-01-24,106227
2017-01-25,151559
2017-01-26,175410
2017-01-27,277150
2017-01-28,317305
2017-01-29,367242
2017-01-30,365854
2017-01-31,139904
2017-02-01,93044
2017-02-02,100393
2017-02-03,115293
2017-02-04,247303
2017-02-05,215609
2017-02-06,72493
2017-02-07,76730
2017-02-08,84635
2017-02-09,97460
2017-02-10,108909
2017-02-11,226405
2017-02-12,210791
2017-02-13,73577
2017-02-14,83413
2017-02-15,90491
2017-02-16,96433
2017-02-17,108356
2017-02-18,212961
2017-02-19,187543
2017-02-20,73892
2017-02-21,72432
2017-02-22,141470
2017-02-23,101241
2017-02-24,112322
2017-02-25,208817
2017-02-26,189078
2017-02-27,85017
2017-02-28,120885
2017-03-01,266536
2017-03-02,79994
2017-03-03,91070
2017-03-04,193033
2017-03-05,163558
2017-03-06,56310
2017-03-07,52486
2017-03-08,64771
2017-03-09,59001
2017-03-10,75113
2017-03-11,183996
2017-03-12,159536
2017-03-13,45186
2017-03-14,48589
2017-03-15,40619
2017-03-16,82295
2017-03-17,110373
2017-03-18,241062
2017-03-19,212229
2017-03-20,66499
2017-03-21,62735
2017-03-22,73788
2017-03-23,95665
2017-03-24,125583
2017-03-25,265440
2017-03-26,236711
2017-03-27,75501
2017-03-28,69079
2017-03-29,134554
2017-03-30,79994
2017-03-31,109491
2017-04-01,230689
2017-04-02,175608
2017-04-03,56410
2017-04-04,53729
2017-04-05,63288
2017-04-06,59384
2017-04-07,75668
2017-04-08,144440
2017-04-09,118619
2017-04-10,37423
2017-04-11,36542
2017-04-12,80531
2017-04-13,68035
2017-04-14,97013
2017-04-15,176758
2017-04-16,149713
2017-04-17,60803
2017-04-18,50277
2017-04-19,45690
2017-04-20,49082
2017-04-21,65218
2017-04-22,125088
2017-04-23,103446
2017-04-24,36894
2017-04-25,33893
2017-04-26,106912
2017-04-27,72295
2017-04-28,93374
2017-04-29,180112
2017-04-30,176138
2017-05-01,134969
2017-05-02,129274
2017-05-03,306010
2017-05-04,209134
2017-05-05,301200
2017-05-06,240056
2017-05-07,198026
2017-05-08,96647
2017-05-09,299299
2017-05-10,78300
2017-05-11,77666
2017-05-12,104268
2017-05-13,221428
2017-05-14,191035
2017-05-15,65596
2017-05-16,55292
2017-05-17,89399
2017-05-18,91399
2017-05-19,112662
2017-05-20,221673
2017-05-21,196382
2017-05-22,67912
2017-05-23,62496
2017-05-24,96346
2017-05-25,98178
2017-05-26,127414
2017-05-27,260096
2017-05-28,234314
2017-05-29,77920
2017-05-30,68213
2017-05-31,165239
2017-06-01,94816
2017-06-02,118600
2017-06-03,250141
2017-06-04,218344
2017-06-05,135238
2017-06-06,363915
2017-06-07,88687
2017-06-08,90424
2017-06-09,112695
2017-06-10,230871
2017-06-11,195180
2017-06-12,65285
2017-06-13,59716
2017-06-14,60536
2017-06-15,68676
2017-06-16,86386
2017-06-17,171712
2017-06-18,145844
2017-06-19,51396
2017-06-20,52813
2017-06-21,98754
2017-06-22,80498
2017-06-23,95483
2017-06-24,193704
2017-06-25,170104
2017-06-26,54266
2017-06-27,47377
2017-06-28,128854
2017-06-29,90739
2017-06-30,98343
2017-07-01,185830
2017-07-02,157436
2017-07-03,59981
2017-07-04,57961
2017-07-05,180300
2017-07-06,144077
2017-07-07,178855
2017-07-08,345575
2017-07-09,293019
2017-07-10,95415
2017-07-11,110524
2017-07-12,92100
2017-07-13,85009
2017-07-14,113905
2017-07-15,257397
2017-07-16,214596
2017-07-17,64054
2017-07-18,62912
2017-07-19,73335
2017-07-20,124888
2017-07-21,144020
2017-07-22,273733
2017-07-23,234336
2017-07-24,96353
2017-07-25,98657
2017-07-26,310648
2017-07-27,204604
2017-07-28,220981
2017-07-29,376352
2017-07-30,338816
2017-07-31,196051
2017-08-01,175860
2017-08-02,272936
2017-08-03,241320
2017-08-04,252236
2017-08-05,408845
2017-08-06,373706
2017-08-07,189740
2017-08-08,171009
2017-08-09,206438
2017-08-10,207566
2017-08-11,231346
2017-08-12,393567
2017-08-13,365414
2017-08-14,274538
2017-08-15,431357
2017-08-16,160727
2017-08-17,156018
2017-08-18,175616
2017-08-19,324657
2017-08-20,294978
2017-08-21,119707
2017-08-22,109930
2017-08-23,123432
2017-08-24,118757
2017-08-25,131192
2017-08-26,236296
2017-08-27,195178
2017-08-28,74707
2017-08-29,70756
2017-08-30,135926
2017-08-31,81099
2017-09-01,96828
2017-09-02,186700
2017-09-03,161894
2017-09-04,58650
2017-09-05,51298
2017-09-06,90798
2017-09-07,87323
2017-09-08,111836
2017-09-09,214396
2017-09-10,187472
2017-09-11,65984
2017-09-12,57051
2017-09-13,60147
2017-09-14,66257
2017-09-15,86787
2017-09-16,160793
2017-09-17,136133
2017-09-18,48956
2017-09-19,48937
2017-09-20,44815
2017-09-21,56562
2017-09-22,72144
2017-09-23,136590
2017-09-24,124916
2017-09-25,47221
2017-09-26,47817
2017-09-27,175744
2017-09-28,111227
2017-09-29,147737
2017-09-30,266039
2017-10-01,264329
2017-10-02,214787
2017-10-03,263866
2017-10-04,298266
2017-10-05,332026
2017-10-06,330343
2017-10-07,295225
2017-10-08,293985
2017-10-09,259603
2017-10-10,79391
2017-10-11,78642
2017-10-12,86556
2017-10-13,106292
2017-10-14,204608
2017-10-15,174206
2017-10-16,67075
2017-10-17,65786
2017-10-18,67221
2017-10-19,82409
2017-10-20,110483
2017-10-21,200831
2017-10-22,177531
2017-10-23,61859
2017-10-24,58985
2017-10-25,171366
2017-10-26,104540
2017-10-27,140027
2017-10-28,263294
2017-10-29,238565
2017-10-30,79856
2017-10-31,78345
2017-11-01,71590
2017-11-02,92095
2017-11-03,125310
2017-11-04,235096
2017-11-05,196896
2017-11-06,66521
2017-11-07,58830
2017-11-08,69012
2017-11-09,74731
2017-11-10,94896
2017-11-11,197234
2017-11-12,161103
2017-11-13,58955
2017-11-14,54197
2017-11-15,104973
2017-11-16,109750
2017-11-17,108502
2017-11-18,198283
2017-11-19,159216
2017-11-20,52991
2017-11-21,46541
2017-11-22,83382
2017-11-23,89760
2017-11-24,106669
2017-11-25,192446
2017-11-26,185762
2017-11-27,65680
2017-11-28,59598
2017-11-29,139827
2017-11-30,93406
2017-12-01,107192
2017-12-02,204209
2017-12-03,178562
2017-12-04,65087
2017-12-05,62388
2017-12-06,62154
2017-12-07,72010
2017-12-08,85398
2017-12-09,178691
2017-12-10,158512
2017-12-11,61330
2017-12-12,52571
2017-12-13,57137
2017-12-14,124138
2017-12-15,134161
2017-12-16,249746
2017-12-17,231270
2017-12-18,96302
2017-12-19,95010
2017-12-20,167669
2017-12-21,165303
2017-12-22,196186
2017-12-23,376563
2017-12-24,466702
2017-12-25,454035
2017-12-26,176802
2017-12-27,248380
2017-12-28,192597
2017-12-29,259585
2017-12-30,391572
2017-12-31,427712
